183488,Eastwick College-Hackensack,Hackensack,New Jersey,,13403,13403,,,4528,7695
183600,Assumption College for Sisters,Mendham,New Jersey,,5383,5383,,,,
183655,Atlantic Cape Community College,Mays Landing,New Jersey,,5040,6600,,,5046,5325
183725,Fortis Institute-Wayne,Wayne,New Jersey,,,,,,4275,8315
183743,Bergen Community College,Paramus,New Jersey,,6576,6840,,,4841,4788
183789,Berkeley College-Woodland Park,Woodland Park,New Jersey,Berkeley College Woodland Park Campus | Berkeley College Paramus Campus | Berkeley College Middlesex Campus | Berkeley College Newark Campus | Berkeley College Dover Campus | Berkeley College Clifton Campus | Berkeley College Online,21921,21921,,,12196,7269
183804,Beth Medrash Govoha,Lakewood,New Jersey,,18356,18356,,,16424,
183822,Bloomfield College,Bloomfield,New Jersey,,25550,25550,42146,42146,17658,7573
183859,Brookdale Community College,Lincroft,New Jersey,,5700,6300,,,4189,4534
183877,Rowan College at Burlington County,Pemberton,New Jersey,BCC,3480,5430,,,3971,4773
